InvoiceID,VendorID,InvoiceDate,DueDate,PaymentDate,Amount,ProcessingType
F000000,V0041,2024-02-27,2024-03-13,2024-03-23,5275.39,Manual
F000001,V0009,2025-01-12,2025-01-27,2025-03-28,2195.31,Auto
F000002,V0028,2024-01-17,2024-02-01,2024-01-27,4763.44,Auto
F000003,V0033,2024-11-04,2024-11-19,2025-01-18,4377.33,Manual
F000004,V0042,2024-12-25,2025-03-25,2025-04-24,4798.59,Manual
F000005,V0038,2024-05-22,2024-06-06,2024-06-06,14113.72,Auto
F000006,V0022,2024-05-22,2024-06-21,2024-06-26,19165.65,Auto
F000007,V0022,2024-02-22,2024-03-08,2024-04-07,2385.97,Auto
F000008,V0023,2024-11-05,2024-12-20,2024-12-10,14729.77,Manual
F000009,V0035,2024-03-04,2024-05-03,2024-04-28,11264.79,Manual
F000010,V0041,2024-11-12,2024-12-27,,4249.63,Auto
F000011,V0005,2024-01-24,2024-02-23,2024-03-04,19711.82,Auto
F000012,V0015,2025-03-19,2025-04-03,2025-05-03,5920.49,Manual
F000013,V0041,2025-03-03,2025-04-17,2025-04-17,7718.53,Auto
F000014,V0014,2024-12-09,2025-01-23,2025-01-18,12378.05,Auto
F000015,V0011,2024-09-30,2024-10-30,2024-10-30,9514.07,Auto
F000016,V0018,2025-04-18,2025-07-17,2025-07-22,13849.98,Auto
F000017,V0050,2025-02-01,2025-02-16,2025-02-21,16525.15,Auto
F000018,V0021,2024-07-24,2024-09-07,2024-09-02,4614.17,Manual
F000019,V0037,2025-03-24,2025-05-08,2025-05-13,13281.05,Auto
F000020,V0026,2025-03-28,2025-05-27,2025-05-27,5665.16,Auto
F000021,V0016,2025-01-16,2025-04-16,2025-06-15,5623.46,Manual
F000022,V0038,2024-08-07,2024-11-05,2024-12-05,7558.93,Auto
F000023,V0009,2024-09-17,2024-11-16,2024-11-11,15237.75,Auto
F000024,V0008,2024-03-19,2024-04-18,2024-05-18,12129.98,Manual
F000025,V0025,2024-07-14,2024-10-12,2024-11-21,10817.73,Auto
F000026,V0036,2025-03-16,2025-03-31,2025-03-26,13793.35,Auto
F000027,V0035,2025-01-19,2025-03-05,2025-03-25,2675.27,Auto
F000028,V0028,2024-03-21,2024-05-20,2024-05-10,19099.41,Auto
F000029,V0047,2024-05-14,2024-08-12,2024-08-12,10399.79,Auto
F000030,V0007,2025-03-21,2025-05-05,2025-07-04,12374.92,Manual
F000031,V0010,2024-07-10,2024-08-09,2024-10-08,19093.25,Auto
F000032,V0034,2025-04-15,2025-04-30,,6821.04,Auto
F000033,V0002,2024-02-27,2024-04-12,2024-04-22,5169.32,Auto
F000034,V0016,2025-03-25,2025-06-23,2025-06-18,2170.24,Auto
F000035,V0032,2025-02-21,2025-03-08,2025-05-07,15433.77,Auto
F000036,V0009,2024-12-03,2025-02-01,2025-04-02,3719.98,Auto
F000037,V0034,2025-03-22,2025-06-20,2025-07-20,19305.08,Auto
F000038,V0035,2025-01-21,2025-02-20,2025-03-02,8280.35,Auto
F000039,V0043,2024-11-28,2025-01-12,2025-02-21,18042.47,Auto
F000040,V0029,2024-03-02,2024-04-01,2024-04-06,1748.5,Manual
F000041,V0002,2024-10-28,2025-01-26,2025-01-31,11974.58,Auto
F000042,V0001,2024-02-06,2024-02-21,2024-02-26,1814.31,Manual
F000043,V0003,2025-03-16,2025-04-30,2025-04-25,10526.04,Auto
F000044,V0018,2024-12-08,2025-02-06,2025-02-11,11015.06,Auto
F000045,V0047,2025-04-23,2025-07-22,,9717.09,Auto
F000046,V0031,2025-02-17,2025-04-18,2025-04-23,2339.35,Auto
F000047,V0043,2024-08-08,2024-09-22,2024-10-22,8516.49,Manual
F000048,V0047,2024-01-28,2024-02-12,2024-02-02,8351.12,Auto
F000049,V0022,2025-02-13,2025-02-28,2025-03-05,4236.01,Auto
F000050,V0035,2024-08-17,2024-09-16,2024-10-16,4078.02,Auto
F000051,V0030,2024-05-07,2024-05-22,2024-07-01,16256.43,Manual
F000052,V0036,2024-02-20,2024-03-06,2024-05-05,16802.54,Auto
F000053,V0006,2025-04-19,2025-05-19,2025-05-19,8425.07,Manual
F000054,V0031,2024-04-19,2024-06-18,2024-06-08,3710.42,Auto
F000055,V0001,2024-07-18,2024-09-01,2024-10-11,6062.36,Auto
F000056,V0045,2025-01-09,2025-04-09,2025-05-19,3518.54,Auto
F000057,V0019,2024-04-21,2024-05-06,,14846.87,Auto
F000058,V0004,2025-01-17,2025-03-03,2025-02-21,1477.78,Auto
F000059,V0031,2024-09-14,2024-12-13,2024-12-13,1609.15,Auto
F000060,V0033,2024-02-11,2024-03-12,2024-03-07,12103.18,Auto
F000061,V0044,2025-03-17,2025-04-16,2025-05-16,2837.79,Auto
F000062,V0037,2024-05-06,2024-08-04,,1274.96,Auto
F000063,V0006,2024-08-02,2024-10-31,,10694.26,Auto
F000064,V0017,2024-04-14,2024-05-29,2024-06-03,5679.48,Auto
F000065,V0009,2024-12-09,2025-01-23,2025-03-04,6665.46,Auto
F000066,V0049,2025-04-24,2025-05-09,2025-04-29,9436.57,Auto
F000067,V0037,2024-02-21,2024-03-07,2024-05-06,4656.51,Manual
F000068,V0017,2024-03-08,2024-04-22,2024-04-17,17645.77,Auto
F000069,V0024,2024-05-25,2024-06-24,2024-08-03,16758.03,Auto
F000070,V0046,2024-06-03,2024-09-01,2024-10-31,652.55,Auto
F000071,V0036,2024-06-02,2024-06-17,2024-06-17,5657.09,Auto
F000072,V0007,2025-01-15,2025-04-15,2025-04-15,5810.79,Manual
F000073,V0039,2024-04-17,2024-06-01,2024-06-06,13906.19,Manual
F000074,V0017,2024-09-15,2024-11-14,2024-11-24,18154.06,Auto
F000075,V0004,2024-02-17,2024-04-17,2024-04-27,1359.69,Manual
F000076,V0022,2025-01-29,2025-02-28,2025-03-10,3650.85,Auto
F000077,V0029,2024-10-09,2024-12-08,2025-02-06,688.56,Auto
F000078,V0005,2025-04-28,2025-05-28,2025-07-27,1202.55,Auto
F000079,V0024,2024-10-25,2025-01-23,2025-01-23,8880.84,Manual
F000080,V0003,2024-06-06,2024-07-21,2024-07-11,18029.03,Manual
F000081,V0014,2024-12-15,2025-01-14,2025-01-09,7396.73,Auto
F000082,V0036,2025-03-28,2025-05-27,,15114.81,Manual
F000083,V0016,2025-03-18,2025-04-17,2025-04-17,17687.62,Manual
F000084,V0002,2024-04-01,2024-05-16,2024-06-15,16143.59,Auto
F000085,V0048,2025-02-19,2025-03-21,2025-03-31,3604.36,Auto
F000086,V0045,2024-02-25,2024-04-25,2024-04-15,17242.57,Auto
F000087,V0015,2024-04-12,2024-06-11,2024-07-01,6451.22,Manual
F000088,V0015,2024-04-24,2024-05-09,2024-05-14,8270.09,Manual
F000089,V0018,2025-03-18,2025-04-02,2025-04-12,7347.35,Auto
F000090,V0033,2024-07-23,2024-10-21,2024-11-10,18815.12,Auto
F000091,V0008,2025-03-25,2025-05-09,2025-05-09,11821.5,Auto
F000092,V0017,2024-01-20,2024-02-04,,8973.99,Auto
F000093,V0047,2025-02-06,2025-03-23,2025-04-22,12321.07,Auto
F000094,V0033,2024-02-29,2024-04-29,,4206.54,Auto
F000095,V0003,2024-12-28,2025-02-26,2025-02-16,10638.45,Auto
F000096,V0035,2024-12-17,2025-01-16,2025-02-05,8910.3,Auto
F000097,V0043,2025-04-16,2025-05-31,,6621.36,Manual
F000098,V0008,2025-01-03,2025-02-17,2025-04-18,6531.05,Manual
F000099,V0027,2024-06-16,2024-08-15,2024-08-25,11311.04,Manual
F000100,V0013,2024-08-03,2024-10-02,2024-10-02,12502.54,Manual
F000101,V0020,2024-07-26,2024-10-24,2024-10-14,6425.56,Manual
F000102,V0014,2024-08-08,2024-11-06,,13266.76,Auto
F000103,V0030,2024-08-14,2024-10-13,2024-10-18,10467.89,Auto
F000104,V0048,2024-03-27,2024-04-11,2024-04-21,10551.31,Auto
F000105,V0041,2024-11-13,2024-12-28,2024-12-23,16459.26,Auto
F000106,V0049,2024-04-30,2024-06-14,2024-06-19,16227.98,Auto
F000107,V0010,2024-01-13,2024-01-28,2024-02-02,19686.75,Auto
F000108,V0040,2025-03-11,2025-03-26,2025-05-05,8581.6,Auto
F000109,V0041,2024-10-21,2024-11-20,2024-12-20,10140.35,Auto
F000110,V0016,2024-03-16,2024-03-31,2024-03-26,15679.2,Auto
F000111,V0015,2024-03-31,2024-06-29,2024-08-08,1479.26,Auto
F000112,V0016,2025-04-14,2025-04-29,2025-06-08,3100.11,Auto
F000113,V0030,2024-12-07,2025-03-07,2025-05-06,12111.32,Manual
F000114,V0049,2025-04-01,2025-05-31,,16392.63,Auto
F000115,V0033,2024-08-06,2024-11-04,2024-12-14,17995.56,Auto
F000116,V0048,2025-03-17,2025-05-16,2025-06-25,5554.24,Auto
F000117,V0016,2025-03-06,2025-04-20,2025-06-19,9949.64,Auto
F000118,V0016,2024-05-20,2024-07-19,2024-07-14,14414.12,Manual
F000119,V0016,2024-05-19,2024-07-03,2024-07-23,17914.02,Auto
F000120,V0006,2024-03-11,2024-04-10,2024-04-15,7969.19,Auto
F000121,V0010,2024-12-27,2025-01-26,2025-01-21,8589.92,Auto
F000122,V0022,2024-10-04,2024-12-03,2025-01-02,1714.18,Auto
F000123,V0027,2024-07-18,2024-10-16,2024-10-06,17206.27,Auto
F000124,V0049,2024-10-21,2024-12-20,2025-01-29,614.97,Auto
F000125,V0023,2024-06-01,2024-07-31,2024-08-30,10995.3,Auto
F000126,V0048,2024-10-06,2025-01-04,2025-01-09,10020.47,Manual
F000127,V0018,2024-08-11,2024-10-10,2024-09-30,8082.72,Auto
F000128,V0043,2024-12-13,2025-02-11,2025-02-11,16889.86,Auto
F000129,V0009,2024-11-14,2025-02-12,2025-02-02,18185.11,Auto
F000130,V0038,2024-10-15,2024-10-30,2024-10-25,13033.62,Manual
F000131,V0009,2025-03-19,2025-05-18,2025-05-18,1480.55,Auto
F000132,V0025,2024-06-16,2024-07-16,2024-08-25,6873.49,Manual
F000133,V0049,2025-03-26,2025-05-25,2025-06-04,15164.19,Manual
F000134,V0027,2024-05-09,2024-05-24,2024-07-03,877.97,Manual
F000135,V0035,2024-01-27,2024-03-12,2024-03-17,13177.81,Auto
F000136,V0050,2024-11-29,2024-12-14,2024-12-04,19017.43,Manual
F000137,V0013,2025-03-05,2025-03-20,,3471.46,Auto
F000138,V0009,2024-08-30,2024-09-14,,18981.26,Manual
F000139,V0030,2024-12-24,2025-02-07,2025-02-27,3771.89,Auto
F000140,V0039,2025-01-17,2025-02-01,2025-02-01,19312.06,Auto
F000141,V0007,2024-10-23,2024-11-07,2024-11-17,11728.04,Manual
F000142,V0025,2024-07-22,2024-08-21,2024-08-16,12045.91,Auto
F000143,V0041,2024-05-04,2024-05-19,2024-05-29,17080.72,Auto
F000144,V0039,2025-02-16,2025-03-03,,15761.39,Manual
F000145,V0023,2024-09-29,2024-11-28,2024-12-18,1844.66,Auto
F000146,V0042,2024-06-23,2024-07-08,2024-08-07,16535.45,Manual
F000147,V0007,2024-08-09,2024-09-23,2024-11-02,14292.52,Auto
F000148,V0028,2024-03-31,2024-06-29,2024-07-09,12510.29,Auto
F000149,V0035,2025-01-31,2025-04-01,2025-05-11,8993.7,Auto
F000150,V0047,2024-10-30,2024-12-14,2025-01-03,17108.41,Manual
F000151,V0006,2024-05-22,2024-07-21,2024-07-26,15134.29,Manual
F000152,V0037,2024-11-08,2025-01-07,2025-01-27,1059.65,Auto
F000153,V0021,2024-04-03,2024-06-02,2024-06-07,7419.09,Manual
F000154,V0017,2024-06-23,2024-08-07,,14173.08,Auto
F000155,V0018,2024-10-11,2024-10-26,2024-12-25,18987.22,Manual
F000156,V0006,2024-05-03,2024-07-02,2024-08-11,11325.94,Auto
F000157,V0016,2024-12-19,2025-02-17,2025-03-29,9239.4,Auto
F000158,V0002,2024-02-17,2024-04-02,2024-04-07,8385.82,Auto
F000159,V0016,2024-06-05,2024-09-03,2024-09-23,9728.58,Manual
F000160,V0034,2024-06-25,2024-08-24,2024-10-23,6950.43,Manual
F000161,V0045,2024-08-20,2024-10-04,2024-10-14,5402.37,Auto
F000162,V0008,2025-01-04,2025-02-03,2025-02-23,2831.32,Auto
F000163,V0035,2025-05-01,2025-05-31,2025-06-05,4719.5,Auto
F000164,V0031,2024-05-21,2024-08-19,2024-10-18,12137.42,Auto
F000165,V0007,2025-03-02,2025-04-01,2025-04-11,4935.92,Manual
F000166,V0012,2024-06-03,2024-06-18,2024-08-17,2968.37,Auto
F000167,V0003,2024-01-28,2024-04-27,2024-05-07,14099.64,Manual
F000168,V0009,2024-11-22,2025-01-21,2025-01-16,17518.03,Auto
F000169,V0037,2024-05-25,2024-07-24,2024-09-02,9089.14,Auto
F000170,V0012,2024-01-27,2024-03-12,2024-04-21,2724.7,Manual
F000171,V0005,2024-07-24,2024-09-22,2024-09-17,11751.91,Manual
F000172,V0044,2024-01-28,2024-02-27,2024-02-27,16317.27,Auto
F000173,V0020,2024-02-13,2024-03-14,2024-03-09,11382.42,Auto
F000174,V0027,2024-11-06,2025-02-04,,4900.9,Manual
F000175,V0034,2024-07-13,2024-09-11,2024-10-21,6298.39,Auto
F000176,V0038,2024-08-07,2024-09-21,,12610.03,Auto
F000177,V0040,2025-01-13,2025-01-28,2025-02-02,12697.54,Auto
F000178,V0017,2024-12-04,2024-12-19,2024-12-19,5177.37,Auto
F000179,V0036,2024-02-08,2024-03-09,2024-02-28,8466.09,Manual
F000180,V0045,2024-10-31,2024-12-30,2025-01-09,1136.48,Auto
F000181,V0019,2024-12-27,2025-02-10,2025-03-22,1888.01,Manual
F000182,V0015,2025-04-18,2025-06-02,,13393.07,Auto
F000183,V0013,2024-08-05,2024-08-20,2024-10-19,4883.78,Auto
F000184,V0010,2025-04-10,2025-05-25,2025-05-25,1892.49,Manual
F000185,V0011,2025-02-09,2025-03-26,,15104.68,Auto
F000186,V0037,2025-04-16,2025-05-31,2025-07-10,2924.9,Auto
F000187,V0045,2024-06-04,2024-08-03,2024-08-13,10259.21,Manual
F000188,V0032,2024-08-12,2024-08-27,,1277.29,Auto
F000189,V0028,2025-01-11,2025-02-25,,5382.17,Auto
F000190,V0006,2024-04-27,2024-07-26,,19040.33,Manual
F000191,V0049,2024-12-10,2025-01-24,,1284.52,Auto
F000192,V0049,2024-03-30,2024-05-29,2024-07-28,13204.44,Auto
F000193,V0018,2024-04-02,2024-07-01,2024-07-31,12878.3,Auto
F000194,V0032,2024-02-16,2024-04-16,2024-05-06,8462.79,Auto
F000195,V0021,2024-12-09,2024-12-24,2024-12-24,6931.17,Auto
F000196,V0045,2024-09-10,2024-10-25,2024-11-24,16364.54,Manual
F000197,V0036,2024-01-19,2024-03-19,2024-03-14,6633.08,Auto
F000198,V0021,2024-02-29,2024-04-29,2024-06-28,16586.08,Auto
F000199,V0001,2024-12-02,2025-03-02,2025-04-11,8558.33,Manual
F000200,V0013,2024-09-22,2024-11-06,,15250.64,Auto
F000201,V0041,2024-08-14,2024-08-29,2024-09-03,5707.6,Auto
F000202,V0009,2025-04-19,2025-06-03,2025-07-13,17676.51,Auto
F000203,V0032,2024-03-03,2024-03-18,,16086.62,Manual
F000204,V0046,2024-03-22,2024-05-06,2024-07-05,766.65,Auto
F000205,V0027,2024-02-17,2024-03-18,2024-03-13,9498.23,Manual
F000206,V0008,2024-11-27,2024-12-27,2025-02-05,18686.73,Auto
F000207,V0019,2024-09-17,2024-11-01,2024-12-01,16777.12,Auto
F000208,V0031,2024-05-04,2024-07-03,2024-09-01,3320.52,Auto
F000209,V0013,2025-04-16,2025-07-15,2025-09-13,15052.7,Auto
F000210,V0009,2025-03-18,2025-04-02,2025-04-12,15567.17,Manual
F000211,V0027,2024-06-23,2024-09-21,2024-10-01,16500.71,Auto
F000212,V0019,2025-01-06,2025-02-20,,11808.51,Manual
F000213,V0043,2024-09-07,2024-10-07,2024-11-16,11002.32,Auto
F000214,V0023,2024-06-19,2024-09-17,2024-11-16,7855.6,Auto
F000215,V0021,2025-03-21,2025-04-20,2025-04-25,11650.05,Auto
F000216,V0015,2025-03-14,2025-05-13,2025-05-03,6704.44,Auto
F000217,V0031,2024-12-27,2025-02-25,2025-03-27,19774.07,Auto
F000218,V0042,2024-03-18,2024-05-17,2024-05-07,2961.8,Auto
F000219,V0038,2024-06-18,2024-07-03,2024-08-12,2444.38,Auto
F000220,V0030,2024-01-08,2024-02-07,2024-03-08,17483.19,Manual
F000221,V0010,2024-02-08,2024-04-08,2024-04-18,7101.94,Auto
F000222,V0045,2024-07-22,2024-08-06,2024-08-26,17120.66,Auto
F000223,V0035,2024-07-13,2024-08-27,2024-10-06,17511.47,Auto
F000224,V0003,2024-11-12,2024-11-27,2024-12-02,12807.64,Auto
F000225,V0019,2024-04-26,2024-05-11,2024-06-10,19577.59,Auto
F000226,V0049,2024-11-20,2024-12-05,2025-01-14,3744.11,Manual
F000227,V0020,2025-04-07,2025-04-22,2025-04-12,6825.31,Auto
F000228,V0004,2024-05-30,2024-07-14,2024-08-03,8898.39,Auto
F000229,V0016,2024-09-28,2024-11-27,,13795.11,Manual
F000230,V0012,2024-03-28,2024-04-27,2024-04-22,12385.09,Auto
F000231,V0025,2024-11-13,2024-12-13,2025-01-22,18300.17,Manual
F000232,V0010,2024-04-28,2024-06-27,2024-07-07,9461.62,Manual
F000233,V0043,2024-01-05,2024-03-05,2024-03-15,13713.41,Auto
F000234,V0011,2024-02-07,2024-04-07,2024-04-27,19759.21,Auto
F000235,V0020,2024-11-23,2025-01-22,2025-02-01,9408.3,Manual
F000236,V0020,2024-04-11,2024-06-10,2024-07-20,2579.74,Auto
F000237,V0025,2024-10-19,2024-12-03,,6269.51,Auto
F000238,V0045,2024-05-31,2024-06-15,2024-07-15,5852.37,Auto
F000239,V0037,2025-03-18,2025-04-02,,15030.86,Manual
F000240,V0019,2025-02-01,2025-03-03,,16137.67,Auto
F000241,V0015,2024-11-21,2024-12-21,,5387.22,Manual
F000242,V0049,2025-01-04,2025-02-03,2025-01-29,18116.37,Manual
F000243,V0042,2024-01-21,2024-03-06,2024-04-15,1150.61,Auto
F000244,V0024,2025-01-09,2025-02-08,2025-02-03,18237.74,Auto
F000245,V0021,2025-01-17,2025-03-18,2025-03-18,4415.5,Auto
F000246,V0035,2025-03-24,2025-05-08,2025-07-07,10285.0,Auto
F000247,V0018,2025-03-01,2025-03-31,2025-04-10,18323.95,Auto
F000248,V0031,2025-02-16,2025-04-02,2025-04-22,16182.53,Manual
F000249,V0030,2024-02-08,2024-03-09,2024-03-14,17272.74,Auto
F000250,V0047,2024-12-11,2025-02-09,2025-04-10,7632.61,Auto
F000251,V0026,2024-01-08,2024-02-22,2024-04-22,2909.98,Manual
F000252,V0024,2024-12-10,2025-01-24,,7930.0,Auto
F000253,V0041,2025-04-26,2025-06-10,2025-06-05,13659.31,Auto
F000254,V0031,2024-01-13,2024-04-12,2024-06-11,6896.12,Manual
F000255,V0040,2024-04-23,2024-05-08,2024-06-17,18233.06,Auto
F000256,V0020,2024-11-28,2025-01-27,2025-01-22,3225.65,Auto
F000257,V0003,2024-06-04,2024-08-03,2024-07-29,2395.24,Auto
F000258,V0035,2024-03-10,2024-05-09,2024-06-18,7734.72,Auto
F000259,V0048,2024-12-22,2025-03-22,2025-04-21,11953.14,Auto
F000260,V0047,2024-03-20,2024-05-19,2024-05-14,16757.02,Auto
F000261,V0040,2024-07-27,2024-09-10,2024-08-31,13960.47,Auto
F000262,V0014,2024-08-15,2024-10-14,2024-10-19,17181.28,Auto
F000263,V0007,2024-12-17,2025-01-31,2025-04-01,18083.08,Auto
F000264,V0042,2024-07-02,2024-07-17,2024-08-16,5879.69,Auto
F000265,V0008,2025-04-30,2025-06-29,2025-06-24,13423.99,Manual
F000266,V0042,2024-11-23,2025-02-21,2025-02-11,1486.28,Auto
F000267,V0022,2024-05-04,2024-06-03,,4501.51,Manual
F000268,V0049,2024-10-10,2024-11-09,,4711.05,Auto
F000269,V0015,2024-06-17,2024-07-17,,555.29,Auto
F000270,V0010,2024-03-07,2024-06-05,2024-06-15,16071.02,Manual
F000271,V0008,2024-12-04,2024-12-19,2024-12-19,789.78,Manual
F000272,V0016,2024-10-28,2024-12-12,2024-12-02,3897.8,Manual
F000273,V0004,2024-03-05,2024-05-04,2024-07-03,2716.16,Auto
F000274,V0005,2024-08-31,2024-10-30,2024-11-19,10508.14,Auto
F000275,V0007,2024-08-19,2024-11-17,2024-11-22,18935.61,Auto
F000276,V0003,2025-01-07,2025-04-07,2025-04-17,9431.83,Auto
F000277,V0002,2024-02-01,2024-04-01,2024-05-01,8812.34,Auto
F000278,V0007,2024-09-08,2024-11-07,2024-11-02,18035.7,Manual
F000279,V0021,2024-11-07,2024-12-07,2024-12-02,2960.74,Manual
F000280,V0040,2024-11-20,2025-02-18,2025-04-19,14386.98,Auto
F000281,V0025,2024-11-01,2025-01-30,2025-02-09,9347.45,Auto
F000282,V0039,2024-08-08,2024-08-23,2024-08-18,17129.46,Manual
F000283,V0042,2025-03-25,2025-06-23,2025-06-28,8886.36,Auto
F000284,V0015,2024-07-30,2024-09-13,2024-10-23,8275.24,Manual
F000285,V0047,2024-02-18,2024-04-03,2024-05-03,6594.21,Auto
F000286,V0017,2024-07-10,2024-08-09,2024-09-18,1809.1,Auto
F000287,V0006,2024-02-17,2024-04-17,2024-04-12,15019.48,Auto
F000288,V0024,2025-02-19,2025-03-21,2025-05-20,1669.63,Auto
F000289,V0036,2024-10-14,2024-11-28,2024-11-23,8510.77,Auto
F000290,V0043,2025-04-26,2025-06-25,2025-06-15,19383.77,Auto
F000291,V0039,2024-06-08,2024-07-23,2024-07-18,11769.41,Auto
F000292,V0014,2024-03-20,2024-05-19,2024-05-24,17021.86,Auto
F000293,V0023,2025-03-08,2025-06-06,2025-06-26,2740.26,Auto
F000294,V0018,2024-10-20,2024-11-19,2024-12-19,16980.53,Auto
F000295,V0050,2025-02-23,2025-05-24,,13662.05,Auto
F000296,V0036,2024-01-14,2024-04-13,2024-04-23,1064.59,Auto
F000297,V0018,2024-12-25,2025-02-08,2025-02-28,7344.96,Manual
F000298,V0012,2025-03-21,2025-04-20,,13318.22,Manual
F000299,V0005,2024-03-13,2024-03-28,2024-03-23,15049.18,Auto
F000300,V0014,2024-07-11,2024-09-09,2024-10-19,7147.47,Auto
F000301,V0024,2024-06-08,2024-07-23,,12126.36,Auto
F000302,V0004,2024-03-20,2024-04-19,,1470.37,Auto
F000303,V0006,2024-05-19,2024-07-18,2024-08-17,9970.4,Auto
F000304,V0029,2024-07-31,2024-09-14,2024-09-19,15221.39,Auto
F000305,V0008,2024-06-25,2024-08-24,2024-08-19,6023.31,Auto
F000306,V0044,2024-10-30,2024-12-29,2025-02-27,13509.08,Auto
F000307,V0003,2024-04-22,2024-06-21,,1568.25,Auto
F000308,V0014,2024-06-03,2024-07-03,2024-07-03,15401.14,Auto
F000309,V0019,2024-06-16,2024-07-01,2024-06-21,10199.01,Auto
F000310,V0028,2024-03-30,2024-04-29,2024-05-29,10885.36,Manual
F000311,V0015,2024-09-13,2024-12-12,2025-01-01,1905.47,Auto
F000312,V0048,2024-01-22,2024-03-22,2024-03-12,9465.21,Auto
F000313,V0005,2025-03-17,2025-05-01,,8871.04,Auto
F000314,V0026,2024-12-29,2025-02-27,2025-03-09,2745.88,Manual
F000315,V0002,2024-06-15,2024-07-15,,9471.89,Auto
F000316,V0045,2025-04-15,2025-05-30,2025-05-25,9015.88,Auto
F000317,V0007,2024-05-04,2024-07-03,,8308.77,Manual
F000318,V0006,2024-07-21,2024-09-04,2024-09-24,4820.66,Auto
F000319,V0050,2024-03-27,2024-04-11,2024-06-10,12847.88,Auto
F000320,V0034,2024-09-18,2024-10-18,2024-11-07,7346.44,Auto
F000321,V0042,2025-02-21,2025-03-23,2025-03-28,2504.69,Auto
F000322,V0017,2024-04-11,2024-05-11,,3480.96,Auto
F000323,V0049,2024-12-01,2024-12-16,2024-12-16,19050.2,Auto
F000324,V0041,2024-09-09,2024-11-08,,15317.6,Auto
F000325,V0029,2024-12-14,2025-03-14,,6802.56,Auto
F000326,V0041,2024-06-10,2024-07-10,2024-08-19,1831.58,Auto
F000327,V0029,2024-11-19,2025-01-03,2025-01-13,12032.69,Auto
F000328,V0023,2024-09-16,2024-10-01,2024-10-11,9503.98,Auto
F000329,V0003,2024-01-30,2024-03-15,2024-03-25,1996.25,Manual
F000330,V0006,2024-11-10,2025-02-08,2025-04-09,7997.41,Auto
F000331,V0038,2024-10-10,2024-10-25,2024-12-04,18226.47,Auto
F000332,V0037,2024-11-29,2024-12-29,2025-01-18,12297.61,Auto
F000333,V0033,2024-03-18,2024-04-02,2024-05-12,2518.29,Manual
F000334,V0022,2024-12-31,2025-01-15,2025-03-16,13099.48,Auto
F000335,V0003,2024-05-06,2024-07-05,2024-08-14,10719.34,Auto
F000336,V0040,2024-03-22,2024-05-06,2024-05-26,18399.77,Manual
F000337,V0025,2024-07-28,2024-09-11,,1521.13,Auto
F000338,V0041,2024-11-27,2025-01-11,2025-01-06,6928.97,Auto
F000339,V0036,2024-12-13,2025-02-11,2025-02-21,5413.92,Auto
F000340,V0043,2025-04-09,2025-07-08,2025-07-08,7000.56,Auto
F000341,V0038,2024-12-05,2025-01-04,2025-01-24,6549.52,Auto
F000342,V0042,2024-12-23,2025-02-21,2025-02-21,12103.3,Auto
F000343,V0006,2024-06-07,2024-09-05,2024-10-05,13048.12,Auto
F000344,V0022,2025-02-20,2025-03-22,2025-05-21,2322.33,Manual
F000345,V0043,2024-08-04,2024-11-02,2024-11-22,855.5,Manual
F000346,V0020,2024-04-02,2024-05-02,2024-05-22,18979.53,Auto
F000347,V0032,2024-04-08,2024-05-08,2024-05-08,3521.43,Auto
F000348,V0019,2025-03-08,2025-03-23,2025-05-22,15532.06,Manual
F000349,V0048,2025-03-28,2025-06-26,2025-06-16,13407.62,Manual
F000350,V0050,2024-11-12,2024-12-12,,7846.04,Auto
F000351,V0011,2024-04-02,2024-07-01,2024-07-01,14563.07,Auto
F000352,V0003,2024-07-29,2024-09-12,2024-09-17,19406.98,Auto
F000353,V0040,2024-05-25,2024-07-24,2024-07-29,10913.22,Manual
F000354,V0020,2025-02-18,2025-04-19,2025-04-24,7672.9,Auto
F000355,V0037,2024-08-13,2024-10-12,2024-10-22,15673.42,Auto
F000356,V0033,2024-09-27,2024-11-26,2024-11-26,16429.38,Auto
F000357,V0039,2024-03-11,2024-04-25,2024-04-15,13002.99,Auto
F000358,V0024,2024-10-10,2024-10-25,2024-12-24,17097.74,Auto
F000359,V0019,2024-02-12,2024-03-13,2024-03-23,9261.72,Manual
F000360,V0033,2024-03-16,2024-05-15,2024-05-10,18955.06,Auto
F000361,V0015,2025-02-22,2025-04-23,2025-05-13,18644.2,Manual
F000362,V0027,2024-01-28,2024-03-28,2024-05-27,7792.25,Auto
F000363,V0025,2024-02-11,2024-03-27,2024-04-01,1049.66,Auto
F000364,V0007,2025-03-05,2025-04-19,2025-04-19,3183.19,Auto
F000365,V0019,2025-04-14,2025-06-13,2025-06-13,15297.4,Auto
F000366,V0031,2024-08-17,2024-11-15,2024-11-05,18164.22,Auto
F000367,V0002,2024-05-11,2024-06-10,2024-06-10,11201.68,Manual
F000368,V0047,2024-11-07,2025-02-05,2025-03-07,2668.14,Manual
F000369,V0019,2024-05-01,2024-06-15,2024-06-10,1431.11,Auto
F000370,V0027,2024-11-23,2025-02-21,2025-04-02,1724.74,Auto
F000371,V0032,2024-11-01,2025-01-30,2025-01-20,12823.12,Auto
F000372,V0037,2024-05-03,2024-06-02,2024-06-12,8870.16,Manual
F000373,V0040,2024-06-29,2024-07-29,,8623.07,Manual
F000374,V0043,2024-12-08,2024-12-23,2025-02-21,19505.76,Auto
F000375,V0005,2024-09-26,2024-12-25,2025-02-23,15835.04,Manual
F000376,V0033,2024-10-10,2024-10-25,2024-11-24,17529.96,Auto
F000377,V0003,2024-11-21,2025-01-20,2025-02-09,5446.18,Manual
F000378,V0002,2024-07-01,2024-07-16,2024-08-05,5201.96,Manual
F000379,V0043,2024-11-17,2024-12-02,,14836.15,Auto
F000380,V0022,2024-03-09,2024-03-24,2024-04-13,11147.27,Manual
F000381,V0042,2024-03-30,2024-05-29,2024-07-08,12818.85,Manual
F000382,V0009,2024-02-02,2024-04-02,2024-03-23,6222.13,Manual
F000383,V0003,2025-02-09,2025-03-11,2025-03-01,6654.12,Auto
F000384,V0020,2024-09-20,2024-11-19,2025-01-18,9731.3,Manual
F000385,V0003,2025-01-20,2025-02-19,2025-03-01,7461.0,Auto
F000386,V0050,2024-01-25,2024-03-10,2024-03-20,2927.26,Manual
F000387,V0024,2024-08-11,2024-10-10,2024-11-19,17945.43,Manual
F000388,V0025,2024-06-22,2024-07-22,2024-08-31,13995.34,Manual
F000389,V0024,2025-04-18,2025-07-17,2025-07-27,16122.39,Manual
F000390,V0047,2024-08-05,2024-08-20,2024-09-19,12247.84,Auto
F000391,V0012,2024-10-06,2024-11-20,2024-12-10,2500.66,Auto
F000392,V0021,2024-12-04,2025-01-18,2025-01-28,9195.36,Manual
F000393,V0046,2024-08-06,2024-09-05,2024-10-15,7355.17,Auto
F000394,V0003,2025-01-07,2025-02-21,,19963.94,Auto
F000395,V0018,2024-11-23,2024-12-08,2024-12-03,13588.09,Auto
F000396,V0026,2024-07-05,2024-10-03,2024-10-03,19079.39,Manual
F000397,V0010,2025-03-10,2025-06-08,2025-07-18,1178.58,Auto
F000398,V0005,2024-04-30,2024-06-14,2024-07-04,7965.66,Auto
F000399,V0037,2024-01-17,2024-04-16,2024-04-16,13741.71,Auto
F000400,V0024,2024-07-09,2024-09-07,2024-09-02,11691.47,Auto
F000401,V0034,2024-07-06,2024-09-04,2024-09-24,13166.43,Auto
F000402,V0016,2024-02-28,2024-03-14,2024-03-14,10231.36,Auto
F000403,V0025,2025-04-12,2025-07-11,2025-07-06,5604.65,Auto
F000404,V0017,2024-12-26,2025-02-24,2025-03-01,19929.12,Manual
F000405,V0019,2024-12-21,2025-02-19,2025-02-24,2891.43,Auto
F000406,V0005,2024-08-19,2024-09-18,2024-10-28,19946.62,Manual
F000407,V0044,2025-03-08,2025-04-22,2025-05-12,14336.04,Manual
F000408,V0036,2024-10-04,2024-11-18,2024-11-28,17101.56,Manual
F000409,V0046,2024-12-29,2025-01-28,2025-02-17,10420.74,Auto
F000410,V0008,2024-04-12,2024-05-12,2024-05-17,15912.27,Manual
F000411,V0002,2024-07-03,2024-10-01,,7693.77,Auto
F000412,V0036,2024-03-07,2024-06-05,2024-05-31,1782.09,Auto
F000413,V0026,2025-01-02,2025-03-03,2025-05-02,8510.5,Manual
F000414,V0027,2025-02-25,2025-05-26,2025-05-21,2943.87,Manual
F000415,V0021,2024-11-24,2024-12-09,2025-01-18,9583.75,Auto
F000416,V0034,2024-06-25,2024-07-25,2024-09-23,12975.98,Manual
F000417,V0012,2025-01-28,2025-02-27,2025-03-29,10305.84,Auto
F000418,V0004,2025-03-01,2025-03-16,2025-05-15,3483.8,Manual
F000419,V0011,2024-03-23,2024-05-07,2024-05-12,7247.45,Auto
F000420,V0034,2025-04-03,2025-05-18,2025-05-13,5386.8,Auto
F000421,V0041,2024-10-09,2024-11-23,2024-11-23,12687.94,Manual
F000422,V0040,2024-09-30,2024-10-15,2024-12-14,12999.25,Manual
F000423,V0038,2025-04-27,2025-07-26,2025-07-26,3838.41,Manual
F000424,V0040,2025-01-03,2025-04-03,2025-04-23,16929.34,Auto
F000425,V0037,2024-01-22,2024-02-06,2024-02-01,1386.51,Auto
F000426,V0042,2025-01-29,2025-04-29,2025-05-09,13197.03,Auto
F000427,V0050,2024-10-19,2024-12-18,,12960.33,Auto
F000428,V0032,2025-03-31,2025-06-29,2025-07-09,13017.19,Manual
F000429,V0020,2024-09-04,2024-10-04,2024-11-03,6299.96,Auto
F000430,V0005,2024-12-18,2025-01-02,2025-01-02,9072.31,Auto
F000431,V0031,2024-08-25,2024-09-24,2024-10-14,12329.88,Auto
F000432,V0021,2025-03-17,2025-05-01,2025-05-21,19519.8,Auto
F000433,V0009,2025-01-24,2025-03-10,2025-05-09,11452.2,Auto
F000434,V0021,2024-05-03,2024-07-02,2024-06-27,5715.7,Manual
F000435,V0016,2024-03-13,2024-03-28,2024-03-18,6159.13,Manual
F000436,V0025,2025-03-18,2025-06-16,2025-07-16,5341.27,Auto
F000437,V0011,2025-02-20,2025-04-06,,14562.0,Manual
F000438,V0013,2025-01-25,2025-02-24,2025-04-05,19921.4,Auto
F000439,V0030,2024-09-12,2024-10-27,2024-12-06,951.94,Auto
F000440,V0026,2024-09-15,2024-11-14,2024-11-19,4695.32,Auto
F000441,V0023,2024-01-25,2024-02-09,2024-02-19,10150.44,Auto
F000442,V0042,2024-12-10,2025-02-08,2025-02-18,10965.47,Manual
F000443,V0007,2024-08-08,2024-09-07,2024-09-17,14686.41,Auto
F000444,V0049,2024-07-25,2024-09-08,2024-08-29,8311.34,Auto
F000445,V0037,2024-10-14,2024-11-13,2024-12-03,11287.85,Auto
F000446,V0005,2024-07-16,2024-10-14,2024-11-23,15405.88,Auto
F000447,V0018,2025-02-26,2025-05-27,,2816.81,Manual
F000448,V0007,2024-07-20,2024-09-03,2024-09-23,11377.72,Auto
F000449,V0024,2025-01-21,2025-02-20,2025-02-25,12248.03,Auto
F000450,V0026,2024-09-13,2024-09-28,2024-09-18,1258.82,Auto
F000451,V0046,2024-06-19,2024-08-18,2024-10-17,9411.28,Auto
F000452,V0039,2025-04-02,2025-07-01,2025-07-01,6895.33,Auto
F000453,V0040,2024-06-12,2024-07-12,2024-08-11,19817.01,Auto
F000454,V0048,2025-03-07,2025-04-21,,7059.28,Auto
F000455,V0033,2024-09-29,2024-11-28,,6345.92,Auto
F000456,V0002,2024-07-07,2024-08-21,2024-08-16,19608.01,Manual
F000457,V0038,2024-06-06,2024-06-21,,9754.51,Auto
F000458,V0042,2025-02-04,2025-05-05,,4937.09,Auto
F000459,V0004,2024-10-25,2024-12-24,2024-12-24,10722.53,Auto
F000460,V0047,2024-11-13,2025-01-12,2025-01-12,16522.4,Manual
F000461,V0016,2024-01-17,2024-04-16,2024-04-11,4220.29,Auto
F000462,V0029,2024-06-09,2024-08-08,2024-08-08,8552.72,Auto
F000463,V0014,2024-07-29,2024-10-27,,18450.16,Auto
F000464,V0048,2025-01-07,2025-01-22,2025-01-22,10614.32,Auto
F000465,V0036,2024-06-15,2024-08-14,2024-10-13,7848.08,Auto
F000466,V0012,2024-08-23,2024-11-21,2024-12-11,11152.33,Manual
F000467,V0044,2025-01-30,2025-03-16,,9941.51,Auto
F000468,V0016,2024-05-22,2024-08-20,2024-08-30,4884.91,Manual
F000469,V0020,2025-01-29,2025-03-15,2025-03-20,13959.68,Auto
F000470,V0032,2024-06-11,2024-08-10,2024-08-30,11429.51,Auto
F000471,V0047,2024-05-20,2024-07-04,2024-06-29,11682.8,Auto
F000472,V0035,2024-07-13,2024-09-11,2024-10-01,19114.87,Auto
F000473,V0010,2024-05-28,2024-06-12,2024-06-22,19128.62,Manual
F000474,V0006,2024-06-26,2024-08-25,2024-09-04,15073.1,Manual
F000475,V0014,2024-04-13,2024-07-12,2024-07-22,18693.97,Manual
F000476,V0045,2024-05-19,2024-06-18,2024-06-13,12505.7,Auto
F000477,V0038,2024-05-02,2024-06-01,2024-05-22,13561.76,Auto
F000478,V0034,2024-04-25,2024-05-25,2024-05-15,2453.86,Auto
F000479,V0022,2025-01-02,2025-03-03,2025-02-26,13783.24,Auto
F000480,V0009,2024-01-03,2024-04-02,2024-04-02,8434.7,Manual
F000481,V0031,2024-09-01,2024-10-01,2024-10-11,6762.77,Manual
F000482,V0042,2024-01-31,2024-02-15,,5028.29,Auto
F000483,V0048,2025-01-05,2025-01-20,2025-01-20,8648.76,Manual
F000484,V0012,2025-04-23,2025-05-08,2025-06-07,15865.23,Manual
F000485,V0012,2025-04-24,2025-06-08,2025-05-29,680.71,Auto
F000486,V0037,2024-11-04,2024-11-19,2024-12-09,6048.95,Auto
F000487,V0042,2024-10-05,2025-01-03,2025-02-12,17840.57,Manual
F000488,V0009,2025-03-11,2025-06-09,2025-07-19,5820.32,Auto
F000489,V0008,2024-06-18,2024-07-18,2024-08-27,13141.56,Manual
F000490,V0046,2024-04-05,2024-04-20,2024-05-10,15919.97,Auto
F000491,V0037,2024-12-11,2025-01-10,2025-01-10,12413.61,Manual
F000492,V0041,2025-04-04,2025-06-03,2025-07-03,10547.97,Auto
F000493,V0006,2024-07-24,2024-08-08,2024-08-08,19642.86,Auto
F000494,V0031,2024-06-14,2024-07-14,2024-07-04,5585.31,Auto
F000495,V0016,2024-08-16,2024-09-30,2024-10-20,6387.94,Manual
F000496,V0047,2024-10-20,2024-11-04,2024-11-14,13246.83,Auto
F000497,V0045,2024-04-30,2024-05-15,2024-05-10,9575.2,Auto
F000498,V0011,2024-07-26,2024-10-24,2024-11-03,13960.66,Auto
F000499,V0041,2025-04-14,2025-05-29,2025-06-18,12485.2,Auto
F000500,V0015,2024-03-09,2024-05-08,2024-05-08,9372.08,Auto
F000501,V0039,2024-07-10,2024-09-08,2024-11-07,18299.54,Manual
F000502,V0049,2024-10-02,2024-11-01,2024-11-06,13766.67,Auto
F000503,V0039,2025-03-23,2025-04-07,2025-06-06,9211.59,Auto
F000504,V0046,2024-07-04,2024-07-19,,2688.07,Auto
F000505,V0036,2025-04-07,2025-07-06,2025-07-11,11667.68,Manual
F000506,V0010,2024-03-25,2024-05-09,2024-07-08,9115.89,Manual
F000507,V0044,2024-04-15,2024-07-14,2024-08-23,2273.36,Auto
F000508,V0033,2024-08-16,2024-08-31,2024-10-10,3072.91,Auto
F000509,V0027,2024-08-21,2024-11-19,2024-11-09,11396.55,Auto
F000510,V0044,2025-02-17,2025-04-03,2025-03-24,8221.0,Auto
F000511,V0001,2025-01-16,2025-02-15,,1924.08,Auto
F000512,V0028,2024-06-25,2024-07-10,2024-09-08,19885.41,Manual
F000513,V0005,2025-04-23,2025-06-22,2025-06-12,6098.27,Auto
F000514,V0012,2025-01-28,2025-02-27,2025-03-29,7801.99,Auto
F000515,V0025,2024-08-17,2024-10-16,2024-11-15,2064.87,Auto
F000516,V0043,2025-03-23,2025-06-21,2025-06-21,13243.91,Auto
F000517,V0023,2024-03-01,2024-03-31,2024-05-30,8164.64,Auto
F000518,V0009,2025-01-07,2025-02-06,2025-01-27,15245.5,Auto
F000519,V0020,2024-08-25,2024-11-23,2024-12-23,10872.71,Auto
F000520,V0015,2024-05-06,2024-07-05,2024-07-25,3524.87,Auto
F000521,V0013,2025-04-24,2025-05-09,2025-04-29,16284.82,Manual
F000522,V0027,2024-11-10,2024-11-25,2024-11-30,4518.59,Auto
F000523,V0007,2024-10-31,2024-11-15,2024-12-25,12156.81,Auto
F000524,V0046,2025-03-22,2025-04-06,2025-04-11,14940.55,Manual
F000525,V0026,2024-08-12,2024-09-11,2024-11-10,4736.75,Auto
F000526,V0050,2024-01-29,2024-02-28,2024-04-28,19872.93,Manual
F000527,V0015,2025-02-21,2025-05-22,2025-06-11,11760.76,Auto
F000528,V0050,2024-12-10,2025-01-24,2025-01-29,6384.41,Manual
F000529,V0010,2024-12-04,2025-03-04,2025-03-09,8564.42,Auto
F000530,V0018,2024-02-01,2024-05-01,,17654.42,Auto
F000531,V0012,2024-11-16,2025-01-15,2025-03-16,10164.61,Manual
F000532,V0023,2025-04-27,2025-06-26,2025-08-25,6715.32,Auto
F000533,V0027,2024-07-28,2024-08-27,2024-09-06,7840.97,Auto
F000534,V0049,2024-10-02,2024-12-01,2024-12-06,17062.15,Auto
F000535,V0020,2025-03-15,2025-04-14,2025-05-24,18337.45,Auto
F000536,V0036,2024-07-30,2024-09-28,2024-11-27,10834.84,Auto
F000537,V0025,2024-05-04,2024-06-18,2024-06-23,6940.13,Auto
F000538,V0006,2025-04-17,2025-06-16,2025-07-06,2303.05,Auto
F000539,V0047,2025-02-28,2025-03-30,2025-03-20,5735.0,Manual
F000540,V0044,2024-11-05,2025-02-03,2025-01-24,17535.6,Auto
F000541,V0013,2025-02-15,2025-05-16,2025-07-15,4731.82,Auto
F000542,V0014,2025-03-21,2025-05-05,2025-05-15,19161.89,Auto
F000543,V0001,2024-04-18,2024-05-18,2024-05-13,15064.14,Auto
F000544,V0049,2024-09-02,2024-10-02,,14223.49,Auto
F000545,V0026,2025-04-13,2025-05-13,2025-07-12,6771.49,Manual
F000546,V0019,2024-07-13,2024-09-11,2024-11-10,13150.07,Auto
F000547,V0020,2024-05-13,2024-06-27,2024-08-26,17714.83,Auto
F000548,V0030,2024-02-20,2024-04-20,2024-05-10,18329.44,Manual
F000549,V0024,2024-06-09,2024-08-08,2024-07-29,11469.23,Auto
F000550,V0015,2025-01-14,2025-02-13,2025-02-03,5585.1,Manual
F000551,V0038,2024-10-23,2024-12-22,2025-01-01,3472.02,Auto
F000552,V0022,2024-04-27,2024-06-26,,16750.57,Manual
F000553,V0032,2024-10-08,2024-11-22,2024-12-02,15385.53,Auto
F000554,V0032,2025-01-05,2025-03-06,2025-04-15,3780.56,Auto
F000555,V0023,2024-03-27,2024-04-26,2024-06-25,10022.17,Auto
F000556,V0035,2024-11-24,2024-12-09,2025-02-07,1159.56,Auto
F000557,V0005,2025-04-28,2025-05-13,2025-05-03,8541.65,Auto
F000558,V0041,2024-04-28,2024-05-13,2024-05-13,678.26,Auto
F000559,V0033,2024-08-21,2024-10-05,2024-09-25,12547.79,Manual
F000560,V0043,2025-04-23,2025-07-22,2025-08-31,13356.04,Manual
F000561,V0002,2024-01-04,2024-04-03,2024-06-02,8521.1,Auto
F000562,V0002,2024-09-28,2024-11-12,2025-01-11,19560.85,Auto
F000563,V0002,2024-09-14,2024-11-13,2024-11-13,2586.82,Manual
F000564,V0007,2024-09-25,2024-10-25,2024-10-30,4242.68,Auto
F000565,V0034,2024-05-09,2024-06-23,2024-07-03,16001.26,Manual
F000566,V0006,2024-07-10,2024-09-08,2024-10-18,11517.54,Auto
F000567,V0045,2024-04-25,2024-06-09,2024-06-04,13247.85,Auto
F000568,V0042,2025-01-23,2025-02-07,2025-02-02,8402.93,Manual
F000569,V0025,2024-10-09,2024-12-08,2024-11-28,12916.59,Auto
F000570,V0045,2024-03-28,2024-04-12,2024-05-22,16983.93,Auto
F000571,V0042,2025-02-05,2025-03-22,,19557.92,Auto
F000572,V0007,2025-04-03,2025-07-02,2025-06-22,4980.45,Auto
F000573,V0045,2025-03-30,2025-06-28,2025-08-07,5786.35,Auto
F000574,V0005,2024-12-16,2025-01-30,2025-03-31,11488.44,Auto
F000575,V0003,2024-04-01,2024-05-16,2024-05-06,19248.65,Manual
F000576,V0038,2024-03-14,2024-05-13,2024-05-08,6335.9,Manual
F000577,V0037,2024-05-03,2024-08-01,2024-08-31,13702.18,Auto
F000578,V0035,2024-06-18,2024-08-17,2024-08-17,15914.71,Manual
F000579,V0045,2025-01-05,2025-01-20,2025-03-21,15036.4,Auto
F000580,V0023,2024-01-28,2024-02-12,2024-03-13,5026.81,Auto
F000581,V0005,2024-06-23,2024-09-21,,19119.74,Auto
F000582,V0026,2025-01-31,2025-03-17,2025-03-07,12865.4,Manual
F000583,V0029,2024-09-08,2024-10-08,2024-10-28,11284.24,Auto
F000584,V0025,2024-08-09,2024-09-08,,13383.1,Manual
F000585,V0006,2025-01-30,2025-04-30,2025-05-10,16062.08,Auto
F000586,V0046,2024-02-07,2024-02-22,2024-03-03,3507.31,Auto
F000587,V0046,2025-02-05,2025-03-07,2025-04-06,6675.23,Auto
F000588,V0007,2024-02-16,2024-03-02,2024-03-12,9172.35,Auto
F000589,V0049,2024-05-18,2024-06-02,2024-06-02,2202.3,Auto
F000590,V0028,2024-08-17,2024-11-15,2025-01-14,10492.6,Auto
F000591,V0007,2024-01-14,2024-01-29,2024-02-18,11307.29,Auto
F000592,V0039,2024-11-02,2024-12-17,2025-01-16,740.64,Auto
F000593,V0027,2024-07-17,2024-08-01,2024-09-30,18151.55,Auto
F000594,V0016,2024-10-19,2025-01-17,2025-01-17,13863.66,Manual
F000595,V0011,2024-03-12,2024-04-26,2024-05-06,5733.93,Manual
F000596,V0010,2024-02-02,2024-03-03,2024-04-02,5881.26,Auto
F000597,V0020,2024-09-04,2024-09-19,2024-10-09,5408.14,Auto
F000598,V0016,2025-01-04,2025-03-05,,12525.04,Manual
F000599,V0030,2024-02-24,2024-03-25,2024-04-04,631.96,Auto
F000600,V0026,2024-06-19,2024-09-17,2024-10-17,16179.49,Manual
F000601,V0022,2024-08-13,2024-09-27,2024-10-27,16401.77,Auto
F000602,V0042,2024-10-31,2024-11-30,2024-12-10,6752.97,Auto
F000603,V0045,2024-04-12,2024-06-11,2024-07-01,3963.93,Auto
F000604,V0026,2024-06-12,2024-07-27,2024-09-05,19371.38,Auto
F000605,V0016,2024-06-15,2024-08-14,2024-08-24,16421.64,Auto
F000606,V0026,2024-07-05,2024-07-20,,4396.1,Auto
F000607,V0035,2024-04-02,2024-07-01,2024-06-21,19083.59,Auto
F000608,V0030,2025-04-27,2025-05-27,2025-07-06,16054.87,Auto
F000609,V0045,2024-02-05,2024-04-05,2024-05-15,3213.99,Manual
F000610,V0020,2024-05-03,2024-06-17,2024-06-17,14447.11,Manual
F000611,V0025,2024-02-07,2024-04-07,,9845.08,Auto
F000612,V0026,2024-09-30,2024-12-29,2025-01-28,11101.08,Auto
F000613,V0024,2024-12-25,2025-03-25,,12944.52,Auto
F000614,V0006,2024-02-25,2024-03-26,2024-04-15,3743.6,Auto
F000615,V0040,2024-01-23,2024-04-22,2024-05-22,19352.82,Auto
F000616,V0022,2025-02-11,2025-04-12,2025-04-07,705.68,Auto
F000617,V0017,2024-04-23,2024-07-22,2024-09-20,11380.87,Auto
F000618,V0045,2024-10-21,2024-11-20,2024-12-30,7795.33,Auto
F000619,V0030,2025-01-30,2025-04-30,2025-06-29,3439.53,Manual
F000620,V0002,2024-09-04,2024-09-19,2024-09-29,8611.52,Auto
F000621,V0006,2024-02-29,2024-03-30,2024-04-19,6581.86,Auto
F000622,V0030,2025-02-05,2025-03-07,2025-05-06,9917.06,Auto
F000623,V0031,2024-02-19,2024-04-19,2024-05-29,6718.73,Auto
F000624,V0020,2024-01-23,2024-02-07,2024-01-28,17059.01,Auto
F000625,V0042,2024-02-25,2024-03-26,2024-03-31,10561.88,Manual
F000626,V0036,2024-03-22,2024-05-06,2024-07-05,8814.2,Auto
F000627,V0030,2024-04-28,2024-06-27,2024-06-27,4134.55,Auto
F000628,V0043,2024-08-09,2024-10-08,2024-09-28,14879.07,Auto
F000629,V0013,2024-08-18,2024-11-16,2024-12-16,8082.3,Auto
F000630,V0046,2024-04-19,2024-05-19,2024-05-29,15170.35,Auto
F000631,V0005,2024-10-22,2024-11-06,2025-01-05,4145.72,Auto
F000632,V0021,2024-04-10,2024-06-09,2024-06-04,5615.89,Auto
F000633,V0032,2024-09-27,2024-11-11,,8078.47,Manual
F000634,V0026,2024-10-27,2024-11-11,2024-12-01,7363.71,Auto
F000635,V0030,2024-11-12,2024-12-12,2024-12-22,18414.31,Auto
F000636,V0038,2024-02-13,2024-03-14,2024-04-03,2798.3,Auto
F000637,V0020,2024-02-29,2024-03-30,2024-04-19,14022.01,Manual
F000638,V0033,2024-07-17,2024-09-15,,3188.41,Auto
F000639,V0025,2024-08-04,2024-09-03,2024-10-13,12892.28,Auto
F000640,V0045,2025-04-15,2025-05-15,2025-07-14,3753.88,Auto
F000641,V0019,2024-03-12,2024-04-11,2024-05-01,16918.71,Auto
F000642,V0040,2024-01-28,2024-03-13,2024-03-03,9949.87,Manual
F000643,V0013,2025-02-21,2025-04-22,2025-06-21,10356.04,Manual
F000644,V0032,2024-07-28,2024-09-26,2024-10-26,14347.78,Auto
F000645,V0029,2024-09-07,2024-10-07,2024-10-02,11525.26,Manual
F000646,V0049,2024-04-22,2024-06-06,2024-05-27,5859.63,Manual
F000647,V0035,2024-05-27,2024-06-26,2024-08-05,11530.18,Manual
F000648,V0050,2025-01-27,2025-03-28,2025-05-27,10460.72,Auto
F000649,V0037,2024-02-28,2024-04-13,2024-06-12,16554.01,Auto
F000650,V0024,2024-10-04,2024-10-19,2024-11-28,11153.89,Auto
F000651,V0028,2024-02-22,2024-03-23,2024-04-02,17558.79,Auto
F000652,V0003,2024-08-18,2024-10-02,2024-10-22,17312.89,Auto
F000653,V0006,2024-08-12,2024-08-27,2024-09-01,4592.62,Auto
F000654,V0048,2024-10-28,2024-12-12,,12839.03,Manual
F000655,V0011,2024-11-11,2024-12-11,2024-12-16,16363.83,Manual
F000656,V0004,2024-10-18,2024-12-02,2025-01-31,5981.16,Auto
F000657,V0035,2024-03-27,2024-05-11,2024-05-21,6142.0,Manual
F000658,V0018,2025-03-15,2025-06-13,2025-06-08,3143.98,Manual
F000659,V0049,2025-02-06,2025-04-07,2025-03-28,19853.48,Manual
F000660,V0042,2024-03-05,2024-04-04,2024-04-09,3351.75,Auto
F000661,V0021,2025-02-28,2025-03-30,2025-04-29,10044.45,Auto
F000662,V0037,2024-11-19,2025-01-03,2025-02-02,7815.86,Manual
F000663,V0005,2024-11-20,2024-12-05,2025-01-04,10554.46,Auto
F000664,V0018,2024-12-21,2025-02-04,2025-03-16,19029.95,Auto
F000665,V0021,2024-10-24,2024-11-08,2024-11-03,14753.17,Manual
F000666,V0030,2024-11-21,2025-01-05,2024-12-31,16015.72,Manual
F000667,V0026,2024-04-21,2024-06-20,2024-06-25,10146.94,Auto
F000668,V0021,2025-02-28,2025-04-14,2025-05-04,11172.56,Manual
F000669,V0009,2024-10-16,2024-12-15,2025-01-04,17936.02,Auto
F000670,V0049,2024-01-25,2024-02-09,2024-02-04,12710.5,Auto
F000671,V0030,2024-01-09,2024-01-24,2024-01-24,9105.08,Auto
F000672,V0001,2024-08-07,2024-09-06,2024-09-06,17701.88,Auto
F000673,V0020,2024-03-22,2024-05-06,2024-05-01,13264.47,Auto
F000674,V0017,2024-02-12,2024-03-28,2024-03-28,1509.85,Manual
F000675,V0041,2024-06-05,2024-07-05,2024-08-04,13281.96,Manual
F000676,V0046,2024-02-18,2024-03-04,2024-03-09,9797.73,Auto
F000677,V0009,2024-10-30,2024-11-29,2025-01-28,13759.66,Auto
F000678,V0001,2024-01-05,2024-02-19,2024-02-14,19769.02,Manual
F000679,V0028,2024-12-21,2025-01-20,2025-03-01,1881.15,Auto
F000680,V0025,2024-02-15,2024-03-01,2024-02-25,6610.35,Manual
F000681,V0020,2024-03-11,2024-05-10,2024-05-10,13010.73,Auto
F000682,V0044,2024-03-14,2024-03-29,2024-05-28,11484.18,Auto
F000683,V0040,2024-11-28,2024-12-28,2025-02-06,7348.16,Manual
F000684,V0014,2024-11-17,2024-12-17,2025-01-16,12513.48,Auto
F000685,V0029,2025-03-16,2025-04-15,2025-04-10,17983.56,Manual
F000686,V0009,2025-01-20,2025-02-04,,14735.18,Auto
F000687,V0023,2024-08-07,2024-09-21,2024-09-21,5331.83,Auto
F000688,V0042,2024-02-13,2024-03-14,2024-05-13,12219.48,Manual
F000689,V0047,2024-11-07,2024-12-22,2024-12-12,17033.9,Auto
F000690,V0043,2025-03-24,2025-05-08,2025-05-13,10596.11,Manual
F000691,V0033,2024-04-06,2024-06-05,2024-06-15,13100.31,Auto
F000692,V0016,2024-09-10,2024-11-09,2024-11-04,5201.09,Manual
F000693,V0041,2024-10-31,2024-11-15,2025-01-14,17830.13,Manual
F000694,V0001,2024-07-03,2024-08-17,2024-08-17,8043.35,Auto
F000695,V0037,2024-08-03,2024-09-17,2024-11-16,13817.37,Auto
F000696,V0049,2024-08-29,2024-09-13,2024-09-03,11953.59,Auto
F000697,V0001,2024-05-14,2024-06-13,2024-06-03,18490.3,Auto
F000698,V0026,2024-09-16,2024-10-31,2024-12-30,15458.65,Auto
F000699,V0028,2024-12-25,2025-02-23,2025-02-18,12990.48,Auto
F000700,V0035,2024-11-11,2024-12-11,2024-12-21,2130.14,Auto
F000701,V0006,2024-09-18,2024-10-18,2024-10-18,10959.61,Auto
F000702,V0026,2024-10-27,2024-11-11,2024-11-21,14124.18,Auto
F000703,V0047,2025-03-09,2025-04-08,2025-03-29,5267.36,Auto
F000704,V0028,2024-02-29,2024-04-29,,12372.23,Auto
F000705,V0020,2024-12-07,2025-01-06,2025-01-01,746.97,Manual
F000706,V0009,2024-12-25,2025-01-09,2025-01-09,10180.05,Auto
F000707,V0023,2024-09-24,2024-12-23,2025-01-02,3755.78,Auto
F000708,V0009,2025-01-18,2025-03-04,2025-02-27,15542.89,Auto
F000709,V0002,2024-06-20,2024-08-19,2024-08-29,10715.16,Auto
F000710,V0017,2024-12-30,2025-03-30,2025-03-25,10174.88,Manual
F000711,V0033,2024-07-03,2024-07-18,2024-08-27,17257.52,Auto
F000712,V0011,2024-07-07,2024-08-06,2024-08-16,15579.91,Auto
F000713,V0037,2024-12-11,2024-12-26,2024-12-31,14945.21,Auto
F000714,V0001,2024-01-23,2024-02-07,2024-02-12,1396.64,Manual
F000715,V0024,2024-07-15,2024-08-14,2024-08-14,18657.62,Manual
F000716,V0003,2024-10-10,2024-12-09,2024-12-14,6775.14,Auto
F000717,V0027,2025-04-13,2025-05-28,2025-06-07,16606.94,Manual
F000718,V0037,2024-07-09,2024-07-24,2024-09-22,13629.85,Auto
F000719,V0004,2024-04-01,2024-05-01,2024-06-30,19637.57,Manual
F000720,V0026,2024-02-05,2024-04-05,2024-04-15,15583.79,Auto
F000721,V0020,2024-06-16,2024-07-01,2024-08-30,9406.55,Auto
F000722,V0024,2024-04-12,2024-05-27,,15797.89,Auto
F000723,V0048,2024-11-14,2024-12-14,2025-01-23,7681.34,Auto
F000724,V0032,2025-01-30,2025-03-01,2025-04-30,15329.4,Manual
F000725,V0016,2024-03-18,2024-04-02,2024-05-02,966.25,Auto
F000726,V0035,2024-06-26,2024-07-11,2024-07-31,528.51,Auto
F000727,V0043,2024-07-11,2024-08-25,2024-08-20,4501.29,Auto
F000728,V0016,2024-08-02,2024-10-01,2024-09-21,19464.91,Auto
F000729,V0010,2024-12-30,2025-02-13,2025-02-08,1356.06,Auto
F000730,V0015,2025-04-04,2025-07-03,2025-08-02,14166.51,Auto
F000731,V0024,2024-08-22,2024-09-06,,2363.75,Auto
F000732,V0009,2024-11-22,2025-01-21,2025-01-16,12041.97,Auto
F000733,V0004,2024-08-10,2024-09-09,2024-09-14,6187.68,Auto
F000734,V0021,2025-04-19,2025-06-18,2025-07-08,6702.13,Auto
F000735,V0018,2024-04-29,2024-05-14,2024-05-19,3154.18,Auto
F000736,V0050,2024-10-26,2024-11-10,2024-11-10,2560.33,Manual
F000737,V0029,2024-08-26,2024-10-10,2024-11-09,2854.37,Auto
F000738,V0023,2025-01-29,2025-02-28,2025-04-09,6512.0,Manual
F000739,V0017,2025-03-12,2025-03-27,2025-03-22,3573.5,Auto
F000740,V0044,2024-06-04,2024-09-02,2024-08-23,4692.91,Manual
F000741,V0021,2024-03-16,2024-03-31,2024-04-05,19383.8,Manual
F000742,V0026,2024-09-19,2024-10-04,2024-10-14,5573.25,Manual
F000743,V0012,2024-01-16,2024-03-16,2024-04-25,11341.1,Manual
F000744,V0036,2024-05-07,2024-05-22,2024-07-01,2487.19,Auto
F000745,V0009,2024-03-03,2024-03-18,2024-03-08,16692.26,Auto
F000746,V0015,2024-03-07,2024-04-06,2024-05-06,7758.68,Auto
F000747,V0041,2025-04-25,2025-05-10,,11929.32,Auto
F000748,V0005,2024-01-12,2024-01-27,2024-02-01,18098.67,Manual
F000749,V0029,2025-02-18,2025-03-20,2025-03-15,18149.02,Manual
F000750,V0022,2024-03-03,2024-03-18,2024-04-27,1487.44,Auto
F000751,V0037,2024-08-09,2024-10-08,2024-11-17,1074.9,Auto
F000752,V0044,2024-08-06,2024-09-05,2024-09-25,4686.96,Auto
F000753,V0012,2024-05-20,2024-07-04,2024-08-13,17726.76,Auto
F000754,V0003,2024-11-10,2025-02-08,,5292.8,Auto
F000755,V0019,2024-09-12,2024-11-11,2025-01-10,9841.1,Manual
F000756,V0006,2024-05-23,2024-07-22,2024-07-22,8675.08,Auto
F000757,V0042,2025-03-28,2025-06-26,2025-07-01,12799.71,Auto
F000758,V0035,2025-02-10,2025-02-25,2025-03-27,15747.36,Auto
F000759,V0023,2024-09-02,2024-12-01,2025-01-10,7208.67,Manual
F000760,V0037,2024-09-14,2024-10-29,2024-11-28,5773.5,Auto
F000761,V0002,2024-06-12,2024-09-10,2024-09-15,1071.42,Auto
F000762,V0050,2024-05-23,2024-06-07,2024-07-17,10823.93,Manual
F000763,V0050,2024-10-26,2024-11-25,2024-11-25,2452.62,Manual
F000764,V0043,2024-05-03,2024-06-17,2024-08-16,16417.56,Auto
F000765,V0048,2024-01-29,2024-02-28,,17006.85,Auto
F000766,V0025,2024-06-30,2024-07-30,2024-07-30,5112.75,Auto
F000767,V0021,2025-02-16,2025-04-02,,1050.03,Auto
F000768,V0045,2024-06-29,2024-09-27,,3270.99,Auto
F000769,V0013,2025-03-04,2025-05-03,2025-07-02,6526.53,Auto
F000770,V0032,2024-01-20,2024-02-04,2024-01-25,5036.16,Auto
F000771,V0015,2024-01-11,2024-04-10,2024-05-20,513.33,Auto
F000772,V0040,2024-04-13,2024-05-13,2024-06-02,14480.28,Auto
F000773,V0021,2024-01-31,2024-02-15,2024-02-15,11938.88,Manual
F000774,V0010,2025-01-31,2025-02-15,2025-04-16,17283.05,Auto
F000775,V0005,2024-07-10,2024-09-08,,2470.13,Manual
F000776,V0020,2024-06-14,2024-07-14,2024-07-14,14780.86,Auto
F000777,V0028,2025-02-09,2025-04-10,2025-04-30,3896.95,Auto
F000778,V0036,2024-12-21,2025-03-21,2025-04-10,4853.13,Auto
F000779,V0038,2025-02-21,2025-03-23,2025-04-22,6483.05,Auto
F000780,V0045,2024-05-30,2024-06-29,2024-06-29,14712.2,Auto
F000781,V0045,2025-04-30,2025-07-29,2025-08-28,17089.76,Auto
F000782,V0050,2024-10-17,2024-11-01,2024-11-01,12246.58,Auto
F000783,V0040,2024-04-23,2024-07-22,2024-07-17,18765.41,Manual
F000784,V0010,2024-06-18,2024-07-03,2024-07-08,7262.8,Auto
F000785,V0021,2024-03-26,2024-04-10,2024-04-30,9209.28,Auto
F000786,V0017,2024-04-17,2024-05-17,2024-05-12,7334.38,Auto
F000787,V0007,2025-01-03,2025-01-18,2025-01-08,8025.77,Manual
F000788,V0047,2024-08-02,2024-09-01,2024-10-01,10115.1,Manual
F000789,V0025,2024-06-28,2024-09-26,2024-10-26,2477.86,Auto
F000790,V0031,2025-02-07,2025-05-08,2025-05-13,3671.8,Auto
F000791,V0005,2025-02-13,2025-02-28,2025-03-10,891.52,Auto
F000792,V0017,2024-02-23,2024-03-09,2024-03-29,3817.05,Manual
F000793,V0025,2024-03-23,2024-04-07,2024-06-06,18865.77,Auto
F000794,V0006,2024-06-22,2024-09-20,,17917.91,Auto
F000795,V0046,2024-01-16,2024-03-16,2024-03-16,12342.69,Manual
F000796,V0028,2024-03-21,2024-04-05,2024-03-31,6956.34,Auto
F000797,V0013,2024-07-28,2024-10-26,2024-12-25,5672.66,Auto
F000798,V0019,2024-06-01,2024-07-01,2024-06-26,1467.89,Auto
F000799,V0037,2024-10-08,2024-12-07,2024-12-07,1562.84,Auto
F000800,V0001,2024-08-06,2024-08-21,2024-08-31,16566.0,Auto
F000801,V0041,2024-11-03,2025-01-02,2025-01-07,2391.24,Auto
F000802,V0014,2024-03-28,2024-05-12,2024-05-07,9734.63,Manual
F000803,V0008,2024-06-06,2024-08-05,2024-09-14,10037.39,Auto
F000804,V0043,2024-05-15,2024-05-30,2024-07-29,8056.78,Auto
F000805,V0024,2025-03-29,2025-05-28,2025-06-17,4138.37,Manual
F000806,V0003,2024-05-14,2024-07-13,2024-08-22,5636.32,Manual
F000807,V0018,2024-10-15,2024-10-30,2024-10-30,15168.59,Auto
F000808,V0043,2024-02-19,2024-03-05,2024-03-25,16259.51,Auto
F000809,V0027,2025-01-22,2025-04-22,2025-04-27,11295.24,Auto
F000810,V0025,2025-02-23,2025-05-24,2025-06-23,19329.74,Auto
F000811,V0044,2025-03-19,2025-05-18,,17692.25,Auto
F000812,V0031,2024-06-02,2024-06-17,2024-07-17,18104.16,Auto
F000813,V0046,2024-01-18,2024-04-17,,18058.87,Auto
F000814,V0037,2024-12-12,2025-03-12,2025-03-12,2845.5,Auto
F000815,V0049,2024-08-17,2024-09-16,2024-09-16,19457.22,Auto
F000816,V0013,2024-03-05,2024-03-20,2024-04-19,2028.19,Auto
F000817,V0044,2024-08-10,2024-09-09,2024-09-09,16765.11,Manual
F000818,V0017,2024-06-12,2024-06-27,2024-06-22,8067.93,Auto
F000819,V0026,2024-10-09,2024-11-23,2024-12-03,10633.92,Auto
F000820,V0001,2025-02-06,2025-05-07,,10689.96,Auto
F000821,V0027,2024-02-27,2024-04-27,2024-04-27,3389.89,Auto
F000822,V0038,2024-10-25,2024-11-09,2024-11-04,11472.33,Auto
F000823,V0007,2025-02-06,2025-03-23,2025-05-22,17662.65,Manual
F000824,V0027,2024-05-15,2024-07-14,2024-08-23,11654.45,Auto
F000825,V0031,2024-01-20,2024-02-19,2024-02-29,8357.99,Auto
F000826,V0040,2024-11-07,2025-01-06,2024-12-27,8217.96,Auto
F000827,V0022,2024-12-19,2025-01-18,2025-01-08,15042.12,Auto
F000828,V0018,2025-04-04,2025-05-19,2025-05-09,7088.39,Manual
F000829,V0020,2024-06-08,2024-07-23,2024-09-01,17235.58,Manual
F000830,V0044,2024-02-20,2024-03-21,2024-03-21,6359.37,Auto
F000831,V0048,2024-08-14,2024-09-28,2024-10-08,14711.59,Auto
F000832,V0039,2024-11-26,2024-12-11,2024-12-16,9113.47,Auto
F000833,V0027,2025-01-14,2025-03-15,2025-05-14,17410.18,Auto
F000834,V0004,2024-09-20,2024-10-20,2024-10-15,6566.9,Manual
F000835,V0033,2024-07-25,2024-08-24,2024-10-23,17646.99,Manual
F000836,V0002,2024-03-29,2024-04-28,2024-05-03,16821.05,Auto
F000837,V0016,2024-01-17,2024-03-17,2024-03-07,18401.61,Manual
F000838,V0046,2024-04-11,2024-05-26,2024-06-15,16558.37,Auto
F000839,V0033,2024-07-22,2024-08-06,2024-07-27,5217.79,Manual
F000840,V0032,2024-10-31,2024-12-30,2024-12-30,19230.15,Auto
F000841,V0031,2024-10-27,2025-01-25,2025-02-14,7212.86,Manual
F000842,V0017,2025-01-18,2025-02-02,2025-02-12,1035.28,Auto
F000843,V0004,2024-03-24,2024-06-22,2024-06-27,17213.67,Auto
F000844,V0042,2024-04-25,2024-05-25,2024-06-04,13205.95,Auto
F000845,V0033,2024-01-11,2024-01-26,2024-03-06,18274.55,Auto
F000846,V0042,2024-03-29,2024-06-27,2024-06-17,4863.52,Auto
F000847,V0039,2025-02-16,2025-04-02,2025-04-12,8764.23,Auto
F000848,V0025,2025-03-12,2025-04-26,2025-06-05,5413.97,Manual
F000849,V0030,2024-06-03,2024-09-01,,8244.47,Auto
F000850,V0007,2024-01-04,2024-04-03,2024-04-23,11448.41,Manual
F000851,V0039,2024-11-07,2024-12-22,2025-01-01,13846.06,Auto
F000852,V0031,2024-02-02,2024-03-18,2024-03-28,12991.6,Manual
F000853,V0018,2024-05-13,2024-06-27,2024-07-02,3423.62,Manual
F000854,V0049,2024-05-03,2024-05-18,,8379.92,Manual
F000855,V0021,2024-12-14,2025-01-13,2025-01-03,13280.31,Auto
F000856,V0019,2024-05-12,2024-07-11,2024-08-10,8071.36,Auto
F000857,V0003,2024-10-25,2025-01-23,2025-01-28,7191.76,Manual
F000858,V0046,2024-04-23,2024-07-22,2024-08-31,18177.27,Manual
F000859,V0043,2024-07-02,2024-09-30,2024-10-10,16985.68,Auto
F000860,V0043,2025-03-24,2025-06-22,2025-06-22,6228.79,Manual
F000861,V0031,2024-03-06,2024-04-20,2024-06-19,15376.91,Manual
F000862,V0012,2025-04-29,2025-06-13,2025-06-08,4833.94,Auto
F000863,V0015,2025-01-16,2025-03-02,2025-04-01,15867.76,Auto
F000864,V0022,2024-07-09,2024-08-23,,6234.0,Auto
F000865,V0008,2024-08-28,2024-09-12,,11816.11,Manual
F000866,V0040,2024-02-06,2024-04-06,2024-04-11,10259.31,Auto
F000867,V0044,2024-07-14,2024-10-12,2024-10-22,8555.59,Manual
F000868,V0010,2024-03-11,2024-04-10,2024-04-30,8479.24,Manual
F000869,V0037,2025-04-02,2025-06-01,2025-06-01,6669.48,Auto
F000870,V0046,2024-04-02,2024-04-17,2024-05-27,6986.27,Manual
F000871,V0012,2024-06-09,2024-06-24,2024-06-14,9315.04,Auto
F000872,V0014,2025-01-24,2025-02-23,,15407.43,Manual
F000873,V0032,2025-02-06,2025-02-21,2025-02-21,12482.35,Auto
F000874,V0041,2024-08-07,2024-10-06,2024-11-05,19323.89,Auto
F000875,V0025,2024-01-03,2024-01-18,2024-03-18,4388.58,Auto
F000876,V0024,2025-05-01,2025-05-16,2025-06-05,15258.53,Auto
F000877,V0034,2024-04-07,2024-04-22,2024-04-12,12720.4,Auto
F000878,V0016,2024-04-25,2024-06-09,2024-06-19,3014.15,Manual
F000879,V0025,2024-09-14,2024-12-13,2024-12-23,3756.89,Auto
F000880,V0003,2024-06-01,2024-07-16,2024-08-25,14692.72,Auto
F000881,V0039,2024-09-25,2024-11-09,2024-12-09,17815.49,Auto
F000882,V0009,2024-06-24,2024-08-23,2024-09-12,15127.25,Auto
F000883,V0011,2025-04-30,2025-06-29,2025-06-19,4954.16,Manual
F000884,V0047,2024-03-08,2024-04-07,2024-03-28,11999.01,Manual
F000885,V0011,2024-03-04,2024-04-18,2024-04-08,7816.25,Auto
F000886,V0041,2024-05-10,2024-08-08,,1447.45,Auto
F000887,V0004,2024-12-04,2024-12-19,2024-12-09,1440.58,Auto
F000888,V0008,2024-08-01,2024-09-30,2024-10-30,2910.1,Manual
F000889,V0017,2024-08-30,2024-09-29,2024-10-04,14056.24,Auto
F000890,V0041,2024-01-05,2024-02-19,2024-03-20,13402.46,Auto
F000891,V0043,2024-09-23,2024-11-07,,12309.87,Auto
F000892,V0009,2024-08-02,2024-08-17,2024-10-16,14515.94,Auto
F000893,V0008,2024-05-24,2024-06-08,2024-06-03,10205.91,Auto
F000894,V0039,2024-04-12,2024-05-27,2024-07-26,19475.83,Auto
F000895,V0023,2024-12-26,2025-02-24,2025-03-06,3627.29,Auto
F000896,V0036,2024-09-11,2024-10-11,2024-11-20,6946.77,Auto
F000897,V0001,2024-01-07,2024-01-22,2024-01-17,16787.03,Manual
F000898,V0043,2024-09-09,2024-10-09,2024-10-04,15700.76,Auto
F000899,V0005,2025-01-05,2025-01-20,2025-01-30,13064.57,Auto
F000900,V0030,2024-05-31,2024-07-15,2024-08-24,1476.56,Manual
F000901,V0012,2025-03-23,2025-04-07,2025-04-17,7524.19,Auto
F000902,V0044,2024-06-09,2024-08-08,2024-08-03,2352.47,Auto
F000903,V0049,2025-03-31,2025-04-15,2025-04-05,17113.98,Auto
F000904,V0043,2024-11-27,2024-12-27,2025-01-16,7471.78,Manual
F000905,V0029,2024-11-14,2024-12-29,2024-12-24,7766.13,Auto
F000906,V0022,2024-04-03,2024-04-18,2024-05-18,8304.88,Manual
F000907,V0030,2024-05-19,2024-07-18,2024-08-27,16098.03,Auto
F000908,V0042,2025-03-29,2025-04-28,2025-04-23,3083.98,Manual
F000909,V0047,2024-01-31,2024-03-01,2024-02-25,8612.54,Manual
F000910,V0038,2024-09-04,2024-12-03,2025-01-12,4034.58,Auto
F000911,V0025,2025-02-02,2025-03-19,,1061.92,Auto
F000912,V0044,2025-03-26,2025-04-25,2025-06-04,18447.76,Auto
F000913,V0008,2025-03-30,2025-05-29,2025-07-08,1396.46,Auto
F000914,V0017,2024-12-01,2025-01-15,2025-01-05,14239.08,Auto
F000915,V0044,2024-09-25,2024-12-24,,4867.71,Auto
F000916,V0043,2025-03-23,2025-05-07,2025-07-06,10700.51,Auto
F000917,V0045,2024-11-12,2024-11-27,2024-12-27,13403.41,Manual
F000918,V0016,2024-09-03,2024-10-18,2024-11-17,3398.76,Auto
F000919,V0036,2025-04-01,2025-06-30,2025-06-20,727.07,Auto
F000920,V0011,2024-09-15,2024-11-14,2024-12-24,17453.6,Auto
F000921,V0005,2025-01-19,2025-03-20,2025-04-09,5197.39,Auto
F000922,V0018,2024-01-26,2024-04-25,2024-04-30,11234.66,Manual
F000923,V0025,2024-07-25,2024-08-24,2024-08-19,9452.34,Auto
F000924,V0037,2024-08-17,2024-09-01,2024-10-11,9217.83,Auto
F000925,V0008,2024-09-11,2024-09-26,2024-09-21,8367.07,Auto
F000926,V0003,2024-10-12,2025-01-10,2024-12-31,16605.22,Auto
F000927,V0039,2024-11-12,2024-12-27,2025-02-25,11465.49,Auto
F000928,V0042,2024-12-09,2025-02-07,2025-02-27,7585.18,Manual
F000929,V0004,2025-02-22,2025-03-24,2025-05-03,6973.47,Manual
F000930,V0050,2024-11-13,2025-02-11,2025-03-23,14474.83,Auto
F000931,V0024,2025-01-01,2025-03-02,2025-02-25,2400.02,Auto
F000932,V0043,2024-04-23,2024-05-08,2024-05-28,7425.21,Auto
F000933,V0041,2025-02-13,2025-03-30,2025-05-29,10678.71,Auto
F000934,V0045,2024-02-24,2024-03-10,2024-03-10,10102.23,Auto
F000935,V0046,2025-01-15,2025-03-16,2025-03-11,5458.64,Auto
F000936,V0013,2024-04-06,2024-04-21,2024-05-21,4704.0,Manual
F000937,V0013,2025-01-01,2025-02-15,2025-02-10,15264.41,Auto
F000938,V0003,2025-04-19,2025-07-18,2025-07-13,15556.83,Auto
F000939,V0029,2024-08-22,2024-11-20,2025-01-19,3125.4,Manual
F000940,V0032,2024-01-03,2024-04-02,2024-03-23,11287.91,Manual
F000941,V0028,2025-03-05,2025-06-03,2025-07-13,18525.23,Manual
F000942,V0050,2025-04-16,2025-05-16,,3886.18,Auto
F000943,V0009,2024-02-23,2024-04-23,,12320.14,Auto
F000944,V0021,2024-09-15,2024-11-14,2024-12-14,19600.26,Auto
F000945,V0045,2025-01-25,2025-02-24,2025-03-06,8258.46,Auto
F000946,V0022,2024-05-30,2024-07-29,2024-07-29,3194.51,Manual
F000947,V0039,2024-12-24,2025-03-24,2025-04-03,16939.95,Auto
F000948,V0036,2025-03-16,2025-04-30,2025-06-29,12835.37,Auto
F000949,V0013,2024-04-17,2024-07-16,2024-07-26,13888.92,Auto
F000950,V0044,2024-03-08,2024-04-07,2024-06-06,11078.58,Auto
F000951,V0041,2024-06-14,2024-06-29,2024-07-19,11464.46,Manual
F000952,V0038,2024-10-19,2024-12-18,2025-02-16,6075.6,Auto
F000953,V0028,2025-02-17,2025-03-04,2025-05-03,2576.17,Auto
F000954,V0025,2024-03-15,2024-03-30,2024-03-20,4398.1,Auto
F000955,V0049,2025-02-06,2025-03-08,2025-03-18,13826.11,Auto
F000956,V0010,2025-03-05,2025-03-20,2025-03-30,4478.02,Manual
F000957,V0035,2024-01-17,2024-03-02,2024-04-11,2498.36,Auto
F000958,V0044,2025-01-13,2025-04-13,2025-04-18,14977.05,Auto
F000959,V0036,2024-07-18,2024-08-17,2024-10-16,15793.99,Auto
F000960,V0045,2024-05-27,2024-06-11,2024-07-11,8057.32,Auto
F000961,V0044,2024-06-09,2024-09-07,2024-08-28,752.82,Auto
F000962,V0017,2024-04-13,2024-07-12,2024-08-21,16684.68,Manual
F000963,V0041,2024-12-26,2025-02-09,,11159.0,Auto
F000964,V0039,2024-04-10,2024-05-10,2024-05-20,9251.89,Auto
F000965,V0044,2024-02-08,2024-03-09,2024-03-09,14834.05,Auto
F000966,V0008,2024-07-12,2024-07-27,2024-08-26,5942.69,Manual
F000967,V0017,2024-03-07,2024-04-06,,16997.28,Manual
F000968,V0001,2024-06-18,2024-08-17,2024-08-17,1278.84,Auto
F000969,V0021,2024-11-01,2024-11-16,,16941.23,Auto
F000970,V0020,2024-09-08,2024-12-07,2025-02-05,7482.67,Auto
F000971,V0046,2024-06-11,2024-09-09,2024-09-14,19161.26,Manual
F000972,V0034,2024-02-04,2024-05-04,2024-05-04,8610.66,Auto
F000973,V0035,2024-07-25,2024-08-09,2024-08-29,4813.36,Auto
F000974,V0014,2024-12-05,2025-01-19,2025-02-08,7535.56,Manual
F000975,V0014,2025-05-01,2025-07-30,2025-09-28,9759.72,Auto
F000976,V0036,2025-02-25,2025-03-12,2025-03-07,13544.3,Auto
F000977,V0029,2024-05-03,2024-08-01,,5254.63,Auto
F000978,V0003,2024-12-15,2025-01-29,2025-02-28,18360.68,Auto
F000979,V0008,2024-07-16,2024-08-30,2024-10-29,14617.52,Manual
F000980,V0002,2025-04-11,2025-07-10,2025-07-30,10529.03,Auto
F000981,V0033,2024-08-16,2024-10-15,2024-10-05,6280.46,Auto
F000982,V0042,2024-04-08,2024-05-23,2024-07-22,2105.74,Auto
F000983,V0007,2024-03-26,2024-06-24,2024-08-23,642.95,Auto
F000984,V0005,2024-04-17,2024-05-17,2024-06-16,16795.47,Auto
F000985,V0014,2024-10-02,2024-12-01,2024-11-26,15064.37,Auto
F000986,V0010,2024-01-13,2024-03-13,2024-04-02,1238.78,Auto
F000987,V0005,2024-01-28,2024-02-27,2024-03-08,11382.64,Auto
F000988,V0037,2025-02-24,2025-03-26,2025-04-05,8448.84,Auto
F000989,V0029,2024-11-18,2025-01-17,2025-02-16,6669.88,Auto
F000990,V0025,2024-12-10,2024-12-25,2025-02-23,615.03,Manual
F000991,V0047,2024-11-12,2024-11-27,,1387.58,Manual
F000992,V0005,2024-07-02,2024-09-30,2024-09-25,6151.81,Manual
F000993,V0044,2024-06-03,2024-09-01,2024-08-27,5989.59,Auto
F000994,V0029,2024-07-14,2024-09-12,2024-09-02,9742.76,Auto
F000995,V0035,2024-04-22,2024-05-22,2024-06-21,16037.02,Auto
F000996,V0035,2024-05-31,2024-06-30,2024-07-10,13707.14,Auto
F000997,V0047,2024-11-27,2025-01-11,2025-01-01,11293.72,Auto
F000998,V0036,2024-03-13,2024-03-28,2024-03-18,598.08,Auto
F000999,V0039,2024-07-20,2024-10-18,2024-12-17,18966.1,Auto
